Sk7OvhBS,3019347883
BkUv3hrB,3019347891
r1wZmYSB,3019346885
BJpDk3rS,3019347859
rk3LG7rH,3019339047
BJSggDrr,3019345309
HkII0crB,3019347735
SkTPqjrr,3019347800
Hkd6i18S,3019347974
rkUL2jrH,3019347826
SJqYgw4H,3019338064
r1PPSN4S,3019337959
SJ5fDgEr,3019337918
H1BD43QH,3019337983
BJ7umgBES,3019338205
ByPR9RQB,3019337975
rytFyeNB,3019338098
ryfzhVES,3019338163
HynRisQH,3019338031
SkvpEEVS,3019337991
S1ugVyEr,3019338072
HJiRS4VB,3019337843
rkQH1D4B,3019337884
BJnMixVH,3019337876
BkLuLb4r,3019337819
BJHz68EH,3019337942
BkRiKeEH,3019337835
HJcIpy4r,3019337967
S1FAAJEB,3019337900
rkIbt4NB,3019338007
SkdUmd4H,3019338106
rJpDVM4B,3019337926
SkJK4xNB,3019338254
SyurNIEH,3019338122
r1zXLGVB,3019338239
SynUkQVS,3019338387
HJlZKAxEH,3019338197
B1bX9pQH,3019338114
rkNohUNH,3019338262
HypUzB4S,3019338189
HyYMXMES,3019338353
H1nPBfEB,3019338221
Sys0vAQB,3019338148
B1jCwy4S,3019338056
HyxPJzEB,3019338346
S16NOlEH,3019338049
HJZhZcEB,3019338015
r1nyVWVH,3019338171
rJbtiBbNB,3019338155
r1zEpVNS,3019338080
Bkha667S,3019338288
HJBhh7NH,3019338130
Hk2btfVS,3019338213
H16ayVEH,3019337520
BJkS1rEH,3019337694
HytRF8EB,3019337769
rk5lWNEB,3019337579
HJtc3rVS,3019337546
BJPxax4H,3019337553
SJ5i674S,3019337678
ByLQsX4B,3019337611
SkOd3WEB,3019337637
SJRVkJ4B,3019337587
BynxEBES,3019337595
S1vL6BEB,3019337512
S14jkyVr,3019337629
Sy5rdHEr,3019337538
SJ2Um14H,3019337561
BkfV0Z4r,3019337827
rkwKtRmS,3019337793
H12Cwx4S,3019337736
ByeWrJEB,3019337751
Syi3cLVS,3019337702
B1WfL8ES,3019337850
B1IjeVNS,3019338023
Sk07PYVS,3019337934
HydGS84r,3019337868
H1ExRJ4S,3019337777
HJrnh1Nr,3019337801
BJVWQxVS,3019337603
HJCtwD4S,3019337660
HJM9rG4H,3019337728
HJ9oElEH,3019337785
Sk0ib3XB,3019337744
ByVxTfNH,3019337652
rJTopMNr,3019337892
rkr5t67r,3019337686
HJpyiWVr,3019337710
B1iuhxES,3019337645
Hy1IPHNH,3019338379
rkZkbmPNH,3019338361
rkVt3xNS,3019338304
By76PmNr,3019338478
rkqhcRQB,3019338320
HkedY2pQH,3019338692
SJFtAEEr,3019338643
ByUJDkVH,3019338544
ryM3a84r,3019338700
HkxXQW1VH,3019338593
rJRXn8EB,3019338452
H1XN1AXS,3019338247
rkKTfxES,3019338668
SkjNuUEr,3019338270
B10gDZNr,3019338635
SJlOXYBEH,3019338296
SktmTIVr,3019338684
H1tbqfEr,3019338338
r1D2QxNr,3019338767
Hk5YBSEH,3019338312
HyJ0HL4H,3019338445
SJgGlgVS,3019338486
B1G3te4H,3019338734
H12jLCXH,3019338619
r1NwKb4S,3019338429
SyxsXbwNr,3019338460
rkcV7GVH,3019338411
rke3dyqVB,3019338783
rySy7gVB,3019338775
Sk9NGZVH,3019338494
H1zBd74H,3019338718
SJuKemVH,3019338502
BJAEm27r,3019338403
rkFuCINr,3019338759
rkZz15uVr,3019338726
H1YxDuVH,3019338742
SkAplzEH,3019338676
rknQaOVS,3019338437
H1zVOVVB,3019338395
Sy6pdCmr,3019338601
Hkvj8eVr,3019338528
H1nlfBES,3019338627
HyguOeEEr,3019338510
BJ9ElvNS,3019338650
S1xvGv4r,3019338536
BJ2wzw4S,3019338569
BkzVHI4H,3019338585
Sk6GDSNH,3019338577
HJi3H0XS,3019338551
SkQastfS,3019336266
ryPfChfS,3019336720
SkrgyoMS,3019336845
BJbvOQ5Mr,3019336399
H1yPTuzB,3019337058
Skwi02MH,3019336803
HyVx7pGS,3019336597
r1QHhczB,3019336712
BJ0hZKfH,3019336852
HJkFjOzH,3019337033
rJlOvFszS,3019337009
HJcL20GS,3019336613
HyCcLqMS,3019336829
HkDQS47B,3019336431
ByCN43MH,3019336704
SyYkP2GS,3019336605
BJVHLqfH,3019336498
H1gTq1XB,3019336969
HyE443Mr,3019336951
r1ohcCGS,3019336449
H1QsOjMH,3019336621
HyLDwFMS,3019336563
HJG7Lg7B,3019337017
ryICKkQr,3019336571
H1mwbGQB,3019336837
ryoooOGH,3019336977
H1WWOgkXH,3019337025
S1ebLAOfB,3019336530
H1nZi5MH,3019337041
B1PEFqGS,3019336514
Sy7I0BMH,3019336472
BJY64ymr,3019336522
rJXmbO3zH,3019337066
Bk0C2sfr,3019336894
ByhL3pMB,3019336365
r1Zb1AGS,3019336688
SJyCdzmr,3019336910
Hy6MEdMS,3019336928
ryJ5rufH,3019336316
H1LovAMr,3019337082
SJx88yXS,3019336274
HkBz6czS,3019336290
BySbBoMr,3019336423
HkqOY7XS,3019336936
ryQRGDfH,3019336555
H1nk1NmH,3019336696
S1gNZmzXS,3019336811
ByxJkO0GS,3019336787
HJSn5dzS,3019336795
rJK3fG7S,3019336878
BJy9oiGH,3019336860
r10klN7B,3019336589
r1UkHqzH,3019336464
BJMTkcfS,3019336548
SkxK7udMr,3019336506
Skzb40zB,3019336480
H12RakQH,3019336662
H1Xqeifr,3019336456
BJXudsjzB,3019336738
Bkg7IiMS,3019336746
HylodAMS,3019336753
rJ0scqfr,3019336779
By5ivtMr,3019336985
S1OnJpMH,3019336415
HkbW3ZNXB,3019336373
HkJuGkQH,3019337074
SyNCERfS,3019336324
SJWCC1Qr,3019336886
ByWWX1FfB,3019337090
SJqYMFMB,3019336639
BJwf1lmr,3019336332
HkQDpf7S,3019336357
rkixVXXB,3019336761
ryekMozB,3019336308
H1GmdMXXB,3019336407
SyaVPuMS,3019336340
SJ0jghfB,3019336282
BJfQi1mS,3019336647
S1koVFzH,3019336654
HycoJOzr,3019336944
Bkl3tfmr,3019336993
BJTdInfr,3019336381
SkOCynzH,3019336670
H1jJiqMB,3019336902
r1xkE5cZS,3019337470
Byl0NEcZr,3019337496
BydTvoZr,3019337363
rJjy2CWS,3019337413
rJ4tZsWB,3019337454
SJfGiqZr,3019337298
B1y90oZB,3019337306
SJVTzoWr,3019337405
HJWDyRZH,3019337389
BJXit5ZH,3019337397
BJx3AS0ZB,3019337223
SJpowkzH,3019337264
ByBIyxGH,3019337215
ryayQsWS,3019337272
ryaQraWS,3019337249
Hyd1TcZS,3019337421
Skg367jbS,3019337488
H1We5A3Wr,3019337462
SkZ1jZiZB,3019337280
Sy7mskfr,3019337231
rJx1KeobH,3019337447
HkgjTGTbS,3019337439
HkalrcZS,3019337330
SysrzjWr,3019337371
HyzuA7CWB,3019337314
HygE413Wr,3019337322
B1esJhqbr,3019337348
rJyC8pbS,3019337256
S1JoOhbB,3019337355
